vehicle;ride;pos;ws;marker;time_delay
Vehicle_4;9471375;0;20;ed;1.119999885559082
Vehicle_4;9471375;1;20;ed;1.119999885559082
Vehicle_4;9471375;2;20;ed;1.119999885559082
Vehicle_4;9471375;3;20;ed;1.119999885559082
Vehicle_4;9471375;4;20;ed;1.119999885559082
Vehicle_4;9471375;5;20;ed;1.119999885559082
Vehicle_4;9471375;6;20;ed;1.119999885559082
Vehicle_4;9471375;7;20;ed;1.119999885559082
Vehicle_4;9471375;8;20;ed;1.119999885559082
Vehicle_4;9471375;9;20;ed;1.119999885559082
Vehicle_4;9471375;10;20;ed;1.119999885559082
Vehicle_4;9471375;11;20;ed;1.119999885559082
Vehicle_4;9471375;12;20;ed;1.119999885559082
Vehicle_4;9471375;13;20;ede;1.119999885559082
Vehicle_4;9471375;14;20;ed;1.119999885559082
Vehicle_4;9471375;15;20;ed;1.119999885559082
Vehicle_4;9471375;16;20;ed;1.119999885559082
Vehicle_4;9471375;17;20;ed;1.119999885559082
Vehicle_4;9471375;18;20;ed;1.0360000133514404
Vehicle_4;9471375;19;20;ed;1.0360000133514404
Vehicle_4;9471375;20;20;ed;1.0360000133514404
Vehicle_4;9471375;21;20;ed;1.059000015258789
Vehicle_4;9471375;22;20;edb;1.059000015258789
Vehicle_4;9471375;23;20;e8;1.059000015258789
Vehicle_4;9471375;24;20;e81;1.059000015258789
Vehicle_4;9471375;25;20;e812;1.059000015258789
Vehicle_4;9471375;26;20;b7e84;1.059000015258789
Vehicle_4;9471375;27;20;edb2;1.059000015258789
Vehicle_4;9471375;28;20;e81;1.059000015258789
Vehicle_4;9471375;29;20;e81;1.059000015258789
Vehicle_4;9471375;30;20;b2;1.059000015258789
Vehicle_4;9471375;31;20;b2;1.059000015258789
Vehicle_4;9471375;32;20;b212;1.059000015258789
Vehicle_4;9471375;33;20;b212;1.059000015258789
Vehicle_4;9471375;34;20;b212;1.059000015258789
Vehicle_4;9471375;35;20;b212;1.059000015258789
Vehicle_4;9471375;36;20;b212;1.059000015258789
Vehicle_4;9471375;37;20;b212;1.059000015258789
Vehicle_4;9471375;38;20;b212;1.059000015258789
Vehicle_4;9471375;39;20;b212;1.059000015258789
Vehicle_4;9471375;40;20;ede;1.057999849319458
Vehicle_4;9471375;41;20;ede;1.057999849319458
Vehicle_4;9471375;42;20;ed;1.057999849319458
Vehicle_4;9471375;43;20;e;1.057999849319458
Vehicle_4;9471375;44;20;e;1.0449998378753662
Vehicle_4;9471375;45;20;e;1.0449998378753662
Vehicle_4;9471375;46;20;e;1.0449998378753662
Vehicle_4;9471375;47;20;e;1.0449998378753662
Vehicle_4;9471375;48;20;e;1.0449998378753662
Vehicle_4;9471375;49;20;e;1.0449998378753662
Vehicle_4;9471375;50;20;e;1.0410001277923584
Vehicle_4;9471375;51;20;e;1.0410001277923584
Vehicle_4;9471375;52;20;e;1.0799999237060547
Vehicle_4;9471375;53;20;ede;1.0799999237060547
