vehicle;ride;pos;ws;marker;time_delay
Vehicle_4;9530337;0;20;ed;1.2000000476837158
Vehicle_4;9530337;1;20;ed;1.2000000476837158
Vehicle_4;9530337;2;20;e;1.2000000476837158
Vehicle_4;9530337;3;20;e;1.2000000476837158
Vehicle_4;9530337;4;20;e;1.1990001201629639
Vehicle_4;9530337;5;20;e;1.1990001201629639
Vehicle_4;9530337;6;20;e;1.1990001201629639
Vehicle_4;9530337;7;20;e;1.1990001201629639
Vehicle_4;9530337;8;20;e;1.1990001201629639
Vehicle_4;9530337;9;20;e;1.1990001201629639
Vehicle_4;9530337;10;20;e8;1.1990001201629639
Vehicle_4;9530337;11;20;e8;1.5239999294281006
Vehicle_4;9530337;12;20;e8;1.5239999294281006
Vehicle_4;9530337;13;20;ede8;1.5239999294281006
Vehicle_4;9530337;14;20;e8;1.5239999294281006
Vehicle_4;9530337;15;20;e8;1.5239999294281006
Vehicle_4;9530337;16;20;e8;1.5239999294281006
Vehicle_4;9530337;17;20;b2;1.5239999294281006
Vehicle_4;9530337;18;20;b2;1.5239999294281006
Vehicle_4;9530337;19;20;b21;1.5239999294281006
Vehicle_4;9530337;20;20;b212;1.5239999294281006
Vehicle_4;9530337;21;20;b212;1.5239999294281006
Vehicle_4;9530337;22;20;b212;1.5239999294281006
Vehicle_4;9530337;23;20;b2121;1.5239999294281006
Vehicle_4;9530337;24;20;b2121;1.5239999294281006
Vehicle_4;9530337;25;20;b2121;1.5239999294281006
Vehicle_4;9530337;26;20;b2121;1.5239999294281006
Vehicle_4;9530337;27;20;b2121;1.5239999294281006
Vehicle_4;9530337;28;20;eded;1.5239999294281006
Vehicle_4;9530337;29;20;eded;1.5239999294281006
Vehicle_4;9530337;30;20;eded;1.3859999179840088
Vehicle_4;9530337;31;20;ede;1.3859999179840088
Vehicle_4;9530337;32;20;eded;1.3859999179840088
