vehicle;ride;pos;ws;marker;time_delay
Vehicle_4;9530337;0;5;e;1.2000000476837158
Vehicle_4;9530337;1;5;e;1.2000000476837158
Vehicle_4;9530337;2;5;e;1.2000000476837158
Vehicle_4;9530337;3;5;e;1.2000000476837158
Vehicle_4;9530337;4;5;e;1.1180000305175781
Vehicle_4;9530337;5;5;e;1.1180000305175781
Vehicle_4;9530337;6;5;ed;1.1180000305175781
Vehicle_4;9530337;7;5;e;1.1949999332427979
Vehicle_4;9530337;8;5;e;1.1949999332427979
Vehicle_4;9530337;9;5;e;1.1949999332427979
Vehicle_4;9530337;10;5;e;1.1949999332427979
Vehicle_4;9530337;11;5;e;1.0390000343322754
Vehicle_4;9530337;12;5;e;1.0409998893737793
Vehicle_4;9530337;13;5;e;1.0409998893737793
Vehicle_4;9530337;14;5;e;1.0409998893737793
Vehicle_4;9530337;15;5;e;1.0409998893737793
Vehicle_4;9530337;16;5;e;1.0399999618530273
Vehicle_4;9530337;17;5;ed;1.1990001201629639
Vehicle_4;9530337;18;5;e;1.1990001201629639
Vehicle_4;9530337;19;5;e;1.1990001201629639
Vehicle_4;9530337;20;5;e;1.1990001201629639
Vehicle_4;9530337;21;5;e;1.1190001964569092
Vehicle_4;9530337;22;5;ede;1.1190001964569092
Vehicle_4;9530337;23;5;e;1.1190001964569092
Vehicle_4;9530337;24;5;e;1.1190001964569092
Vehicle_4;9530337;25;5;e;1.0399999618530273
Vehicle_4;9530337;26;5;e;1.5239999294281006
Vehicle_4;9530337;27;5;e;1.5239999294281006
Vehicle_4;9530337;28;5;e;1.5239999294281006
Vehicle_4;9530337;29;5;e;1.5239999294281006
Vehicle_4;9530337;30;5;e;1.3859999179840088
Vehicle_4;9530337;31;5;e;1.3859999179840088
Vehicle_4;9530337;32;5;e;1.3859999179840088
Vehicle_4;9530337;33;5;e;1.3859999179840088
Vehicle_4;9530337;34;5;e;1.0429999828338623
Vehicle_4;9530337;35;5;ed;1.0429999828338623
Vehicle_4;9530337;36;5;e;1.122999906539917
Vehicle_4;9530337;37;5;e;1.122999906539917
Vehicle_4;9530337;38;5;ed;1.122999906539917
Vehicle_4;9530337;39;5;e;1.122999906539917
Vehicle_4;9530337;40;5;e;1.0399999618530273
Vehicle_4;9530337;41;5;ed;1.0410001277923584
Vehicle_4;9530337;42;5;e;1.0410001277923584
Vehicle_4;9530337;43;5;e;1.0410001277923584
Vehicle_4;9530337;44;5;e;1.0410001277923584
Vehicle_4;9530337;45;5;e;1.0399999618530273
Vehicle_4;9530337;46;5;e;1.0399999618530273
Vehicle_4;9530337;47;5;ed;1.2020001411437988
