vehicle;ride;pos;ws;marker;time_delay
Vehicle_4;9237382;0;15;ed;1.680999994277954
Vehicle_4;9237382;1;15;ed;1.690999984741211
Vehicle_4;9237382;2;15;ed;1.690999984741211
Vehicle_4;9237382;3;15;ed;1.690999984741211
Vehicle_4;9237382;4;15;ed;1.690999984741211
Vehicle_4;9237382;5;15;e;1.690999984741211
Vehicle_4;9237382;6;15;e;1.690999984741211
Vehicle_4;9237382;7;15;e;1.690999984741211
Vehicle_4;9237382;8;15;e;1.690999984741211
Vehicle_4;9237382;9;15;e;1.690999984741211
Vehicle_4;9237382;10;15;e;1.690999984741211
Vehicle_4;9237382;11;15;e;1.690999984741211
Vehicle_4;9237382;12;15;ede;1.690999984741211
Vehicle_4;9237382;13;15;ede;1.690999984741211
Vehicle_4;9237382;14;15;ede;1.690999984741211
Vehicle_4;9237382;15;15;ede;1.0859999656677246
Vehicle_4;9237382;16;15;ed;1.0859999656677246
Vehicle_4;9237382;17;15;e;1.0859999656677246
Vehicle_4;9237382;18;15;e;1.0859999656677246
Vehicle_4;9237382;19;15;e;1.0859999656677246
Vehicle_4;9237382;20;15;e;1.121999979019165
Vehicle_4;9237382;21;15;e;1.121999979019165
Vehicle_4;9237382;22;15;e;1.121999979019165
Vehicle_4;9237382;23;15;e;1.7000000476837158
Vehicle_4;9237382;24;15;e;1.7000000476837158
Vehicle_4;9237382;25;15;e;1.7000000476837158
Vehicle_4;9237382;26;15;e;1.7000000476837158
Vehicle_4;9237382;27;15;e;1.7000000476837158
Vehicle_4;9237382;28;15;e;1.7000000476837158
Vehicle_4;9237382;29;15;e;1.7000000476837158
Vehicle_4;9237382;30;15;e;1.7000000476837158
Vehicle_4;9237382;31;15;e;1.7000000476837158
Vehicle_4;9237382;32;15;e;1.7000000476837158
Vehicle_4;9237382;33;15;e;1.7000000476837158
Vehicle_4;9237382;34;15;ede;1.7000000476837158
Vehicle_4;9237382;35;15;edede;1.7000000476837158
Vehicle_4;9237382;36;15;edede;1.7000000476837158
Vehicle_4;9237382;37;15;eded;1.6979999542236328
Vehicle_4;9237382;38;15;ede;1.6979999542236328
Vehicle_4;9237382;39;15;e;1.6979999542236328
Vehicle_4;9237382;40;15;e;1.6979999542236328
