vehicle;ride;pos;ws;marker;time_delay
Vehicle_4;9389871;0;10;ed;1.0429999828338623
Vehicle_4;9389871;1;10;ed;1.0429999828338623
Vehicle_4;9389871;2;10;e;1.0429999828338623
Vehicle_4;9389871;3;10;e;1.0429999828338623
Vehicle_4;9389871;4;10;e;1.0429999828338623
Vehicle_4;9389871;5;10;ed;1.0410001277923584
Vehicle_4;9389871;6;10;edb;1.0410001277923584
Vehicle_4;9389871;7;10;edb2;1.058000087738037
Vehicle_4;9389871;8;10;edb24;1.058000087738037
Vehicle_4;9389871;9;10;e817e;1.058000087738037
Vehicle_4;9389871;10;10;e817e;1.058000087738037
Vehicle_4;9389871;11;10;e85e;1.058000087738037
Vehicle_4;9389871;12;10;e85e;1.058000087738037
Vehicle_4;9389871;13;10;e817e;1.058000087738037
Vehicle_4;9389871;14;10;e97e;1.058000087738037
Vehicle_4;9389871;15;10;a4d;1.058000087738037
Vehicle_4;9389871;16;10;b2;1.0409998893737793
Vehicle_4;9389871;17;10;b2;1.0440001487731934
Vehicle_4;9389871;18;10;b2;1.0440001487731934
Vehicle_4;9389871;19;10;e;1.0440001487731934
Vehicle_4;9389871;20;10;e;1.0440001487731934
Vehicle_4;9389871;21;10;e;1.0440001487731934
Vehicle_4;9389871;22;10;ed;1.0440001487731934
Vehicle_4;9389871;23;10;ed;1.0440001487731934
Vehicle_4;9389871;24;10;ede;1.0440001487731934
Vehicle_4;9389871;25;10;ede;1.0440001487731934
Vehicle_4;9389871;26;10;ed;1.0440001487731934
Vehicle_4;9389871;27;10;ed;1.0440001487731934
Vehicle_4;9389871;28;10;e;1.0440001487731934
Vehicle_4;9389871;29;10;e;1.0440001487731934
Vehicle_4;9389871;30;10;e;1.0440001487731934
